CQP EMPLOYE DE COMMERCE,D1507,"Mise en rayon libre-service (Employé polyvalent / Employée polyvalente de libre-service,Employé / Employée de rayon équipement de la maison....)",mise-en-rayon-libre-service
CQP EMPLOYE DE COMMERCE,D1505,Personnel de caisse (Hôte / Hôtesse de caisse...),personnel-de-caisse
COMMERCE,D1402,Relation commerciale grands comptes et entreprises (Commercial / Commerciale en publicité auprès des entreprises....),relation-commerciale-grands-comptes-et-entreprises
COMMERCE,D1403,Relation commerciale auprès de particuliers (Commercial / Commerciale auprès des particuliers),relation-commerciale-aupres-de-particuliers
COMMERCE,D1401,Assistanat commercial,assistanat-commercial
COMMERCE,E1101,Animation de site multimédia ( Web commercial / commerciale),animation-de-site-multimedia
COMMERCE,C1102,Conseil clientèle en assurances ( Collaborateur commercial / Collaboratrice commerciale en assurances...),conseil-clientele-en-assurances
COMMERCE,C1201,Accueil et services bancaires (Chargé / Chargée d'accueil et de services clientèle bancaire...),accueil-et-services-bancaires
COMMERCE,D1404,Relation commerciale en vente de véhicules (Vendeur / Vendeuse automobile…),relation-commerciale-en-vente-de-vehicules
COMMERCE,D1407,Relation technico-commerciale (Technico-commercial / Technico-commerciale…),relation-technico-commerciale
COMMERCE,C1504,Transaction immobilière (Agent / Agente immobilier….),transaction-immobiliere
COMMERCE,M1707,Stratégie commerciale (Responsable du développement commercial…),strategie-commerciale
COMMERCE,M1701,Administration des ventes (Responsable de la gestion des commandes….),administration-des-ventes
COMMERCE,M1704,Management relation clientèle (Chargé / Chargée de clientèle e-commerce…),management-relation-clientele
COMMERCE,M1705,Marketing (Assistant / Assistante marketing….),marketing
COMMERCE,M1101,Achats (Acheteur / Acheteuse junior….),achats
COMMERCE,D1406,Management en force de vente (Manager commercial junior / Manageuse commerciale junior des forces de vente….),management-en-force-de-vente
COMMERCE,D1408,Téléconseil et télévente (Conseiller / Conseillère clientèle à distance…),teleconseil-et-televente
COMMERCE,D1214,Vente en habillement et accessoires de la personne (Vendeur / Vendeuse en prêt-à-porter masculin….),vente-en-habillement-et-accessoires-de-la-personne
COMMERCE,D1212,"Vente en décoration et équipement du foyer ( Vendeur/ Vendeuse de cuisine, de produits mutimédia, d'électroménager….)",vente-en-decoration-et-equipement-du-foyer
COMMERCE,D1211,"Vente en articles de sport et loisirs (Vendeur / Vendeuse en équipement de sport, en jeux en jeux électroniquesen papeterie….)",vente-en-articles-de-sport-et-loisirs
COMMERCE,D1106,"Vente en alimentation ( Vendeur/Vendeuse en fruits et légumes, en boulangerie….)",vente-en-alimentation
COMMERCE,D1501,Animation de vente(Animateur / Animatrice de vente…),animation-de-vente
COMMERCIAL,D1402,Relation commerciale grands comptes et entreprises (Commercial / Commerciale en publicité auprès des entreprises....),relation-commerciale-grands-comptes-et-entreprises
COMMERCIAL,D1403,Relation commerciale auprès de particuliers (Commercial / Commerciale auprès des particuliers),relation-commerciale-aupres-de-particuliers
COMMERCIAL,D1401,Assistanat commercial,assistanat-commercial
COMMERCIAL,E1101,Animation de site multimédia ( Web commercial / commerciale),animation-de-site-multimedia
COMMERCIAL,C1102,Conseil clientèle en assurances ( Collaborateur commercial / Collaboratrice commerciale en assurances...),conseil-clientele-en-assurances
COMMERCIAL,C1201,Accueil et services bancaires (Chargé / Chargée d'accueil et de services clientèle bancaire...),accueil-et-services-bancaires
COMMERCIAL,D1404,Relation commerciale en vente de véhicules (Vendeur / Vendeuse automobile…),relation-commerciale-en-vente-de-vehicules
COMMERCIAL,D1507,Relation technico-commerciale (Technico-commercial / Technico-commerciale…),relation-technico-commerciale
COMMERCIAL,C1504,Transaction immobilière (Agent / Agente immobilier….),transaction-immobiliere
COMMERCIAL,M1707,Stratégie commerciale (Responsable du développement commercial…),strategie-commerciale
COMMERCIAL,M1701,Administration des ventes (Responsable de la gestion des commandes….),administration-des-ventes
COMMERCIAL,M1704,Management relation clientèle (Chargé / Chargée de clientèle e-commerce…),management-relation-clientele
COMMERCIAL,M1705,Marketing (Assistant / Assistante marketing….),marketing
COMMERCIAL,M1101,Achats (Acheteur / Acheteuse junior….),achats
COMMERCIAL,D1406,Management en force de vente (Manager commercial junior / Manageuse commerciale junior des forces de vente….),management-en-force-de-vente
COMMERCIAL,D1408,Téléconseil et télévente (Conseiller / Conseillère clientèle à distance…),teleconseil-et-televente
COMMERCIAL,D1214,Vente en habillement et accessoires de la personne (Vendeur / Vendeuse en prêt-à-porter masculin….),vente-en-habillement-et-accessoires-de-la-personne
COMMERCIAL,D1212,"Vente en décoration et équipement du foyer ( Vendeur/ Vendeuse de cuisine, de produits mutimédia, d'électroménager….)",vente-en-decoration-et-equipement-du-foyer
COMMERCIAL,D1211,"Vente en articles de sport et loisirs (Vendeur / Vendeuse en équipement de sport, en jeux en jeux électroniquesen papeterie….)",vente-en-articles-de-sport-et-loisirs
COMMERCIAL,D1106,"Vente en alimentation ( Vendeur/Vendeuse en fruits et légumes, en boulangerie….)",vente-en-alimentation
COMMERCIAL,D1501,Animation de vente(Animateur / Animatrice de vente…),animation-de-vente
VENDEUR,D1404,Relation commerciale en vente de véhicules (Vendeur / Vendeuse automobile…),relation-commerciale-en-vente-de-vehicules
VENDEUR,D1214,Vente en habillement et accessoires de la personne (Vendeur / Vendeuse en prêt-à-porter masculin….),vente-en-habillement-et-accessoires-de-la-personne
VENDEUR,D1212,"Vente en décoration et équipement du foyer ( Vendeur/ Vendeuse de cuisine, de produits mutimédia, d'électroménager….)",vente-en-decoration-et-equipement-du-foyer
VENDEUR,D1501,Animation de vente(Animateur / Animatrice de vente…),animation-de-vente
VENDEUR,D1408,Téléconseil et télévente (Conseiller / Conseillère clientèle à distance…),teleconseil-et-televente
VENDEUR,D1106,"Vente en alimentation ( Vendeur/Vendeuse en fruits et légumes, en boulangerie….)",vente-en-alimentation
VENDEUR,G1303,Vente de voyages,vente-de-voyages
VENDEUR,D1201,"Achat vente d'objets d'art, anciens ou d'occasion (Vendeur / Vendeuse en antiquités…)",achat-vente-d-objets-d-art-anciens-ou-d-occasion
VENDEUR,D1209,Vente en végétaux,vente-en-vegetaux
VENDEUR,D1210,Vente en animalerie,vente-en-animalerie
VENDEUR,C1504,Transaction immobilière (Agent / Agente immobilier….),transaction-immobiliere
VENDEUR,D1401,Assistanat commercial,assistanat-commercial
VENDEUR,D1507,Relation technico-commerciale (Technico-commercial / Technico-commerciale…),relation-technico-commerciale
VENDEUR,D1211,Vente en gros de matériel et équipement (Vendeur en grossiste….),vente-en-articles-de-sport-et-loisirs
VENDEUR,D1403,Relation commerciale auprès de particuliers (Commercial / Commerciale auprès des particuliers),relation-commerciale-aupres-de-particuliers
VENDEUR,M1701,Administration des ventes (Responsable de la gestion des commandes….),administration-des-ventes
VENDEUR,M1704,Management relation clientèle (Chargé / Chargée de clientèle e-commerce…),management-relation-clientele
VENDEUR,M1707,Stratégie commerciale (Responsable du développement commercial…),strategie-commerciale
VENDEUR,D1402,Relation commerciale grands comptes et entreprises (Commercial / Commerciale en publicité auprès des entreprises....),relation-commerciale-grands-comptes-et-entreprises
VENDEUR,C1102,Conseil clientèle en assurances ( Collaborateur commercial / Collaboratrice commerciale en assurances...),conseil-clientele-en-assurances
VENDEUR,C1201,Accueil et services bancaires (Chargé / Chargée d'accueil et de services clientèle bancaire...),accueil-et-services-bancaires
VENDEUSE,D1404,Relation commerciale en vente de véhicules (Vendeur / Vendeuse automobile…),relation-commerciale-en-vente-de-vehicules
VENDEUSE,D1214,Vente en habillement et accessoires de la personne (Vendeur / Vendeuse en prêt-à-porter masculin….),vente-en-habillement-et-accessoires-de-la-personne
VENDEUSE,D1212,"Vente en décoration et équipement du foyer ( Vendeur/ Vendeuse de cuisine, de produits mutimédia, d'électroménager….)",vente-en-decoration-et-equipement-du-foyer
VENDEUSE,D1501,Animation de vente(Animateur / Animatrice de vente…),animation-de-vente
VENDEUSE,D1408,Téléconseil et télévente (Conseiller / Conseillère clientèle à distance…),teleconseil-et-televente
VENDEUSE,D1106,"Vente en alimentation ( Vendeur/Vendeuse en fruits et légumes, en boulangerie….)",vente-en-alimentation
VENDEUSE,G1303,Vente de voyages,vente-de-voyages
VENDEUSE,D1201,"Achat vente d'objets d'art, anciens ou d'occasion (Vendeur / Vendeuse en antiquités…)",achat-vente-d-objets-d-art-anciens-ou-d-occasion
VENDEUSE,D1209,Vente en végétaux,vente-en-vegetaux
VENDEUSE,D1210,Vente en animalerie,vente-en-animalerie
VENDEUSE,C1504,Transaction immobilière (Agent / Agente immobilier….),transaction-immobiliere
VENDEUSE,D1401,Assistanat commercial,assistanat-commercial
VENDEUSE,D1507,Relation technico-commerciale (Technico-commercial / Technico-commerciale…),relation-technico-commerciale
VENDEUSE,D1211,Vente en gros de matériel et équipement (Vendeur en grossiste….),vente-en-articles-de-sport-et-loisirs
VENDEUSE,D1403,Relation commerciale auprès de particuliers (Commercial / Commerciale auprès des particuliers),relation-commerciale-aupres-de-particuliers
VENDEUSE,M1701,Administration des ventes (Responsable de la gestion des commandes….),administration-des-ventes
VENDEUSE,M1704,Management relation clientèle (Chargé / Chargée de clientèle e-commerce…),management-relation-clientele
VENDEUSE,M1707,Stratégie commerciale (Responsable du développement commercial…),strategie-commerciale
VENDEUSE,D1402,Relation commerciale grands comptes et entreprises (Commercial / Commerciale en publicité auprès des entreprises....),relation-commerciale-grands-comptes-et-entreprises
VENDEUSE,C1102,Conseil clientèle en assurances ( Collaborateur commercial / Collaboratrice commerciale en assurances...),conseil-clientele-en-assurances
VENDEUSE,C1201,Accueil et services bancaires (Chargé / Chargée d'accueil et de services clientèle bancaire...),accueil-et-services-bancaires
INFORMATIQUE,I1401,Maintenance informatique et bureautique (Installateur dépanneur / Installatrice dépanneuse en informatique,maintenance-informatique-et-bureautique
INFORMATIQUE,M1805,Études et développement informatique (Développeur / Développeuse informatique…),etudes-et-developpement-informatique
INFORMATIQUE,M1801,Administration de systèmes d'information(Administrateur / Administratrice de site Web….),administration-de-systemes-d-information
INFORMATIQUE,H1208,Intervention technique en études et conception en automatisme ( Technicien / Technicienne en informatique industrielle….),intervention-technique-en-etudes-et-conception-en-automatisme
INFORMATIQUE,M1802,"Expertise et support en systèmes d'information(Ingénieur / Ingénieure méthodes informatiques, cyber sécurité….)",expertise-et-support-en-systemes-d-information
INFORMATIQUE,I1302,Installation et maintenance d'automatismes (Technicien / Technicienne de maintenance en informatique industrielle…),installation-et-maintenance-d-automatismes
INFORMATIQUE,M1806,Conseil et maîtrise d'ouvrage en systèmes d'information(Consultant / Consultante informatique…),conseil-et-maitrise-d-ouvrage-en-systemes-d-information
INFORMATIQUE,M1803,Direction des systèmes d'information (Chef de projet informatique…),direction-des-systemes-d-information
INFORMATIQUE,M1810,Production et exploitation de systèmes d'information(Technicien / Technicienne d'exploitation informatique…),production-et-exploitation-de-systemes-d-information
RESSOURCES HUMAINES,M1501,Assistanat en ressources humaines,assistanat-en-ressources-humaines
RESSOURCES HUMAINES,M1502,"Développement des ressources humaines (Chargé / Chargée des recrutements, des formations…)",developpement-des-ressources-humaines
RESSOURCES HUMAINES,M1503,Management des ressources humaines (Adjoint / Adjointe au responsable RH…),management-des-ressources-humaines
COMMUNICATION,E1101,Animation de site multimédia (Chargé / Chargée des relations avec les internautes... ),animation-de-site-multimedia
COMMUNICATION,E1103,Communication (Assistant / Assistante de communication….),communication
COMMUNICATION,E1104,Conception de contenus multimédias (Rédacteur / Rédactrice web…),conception-de-contenus-multimedias
COMMUNICATION,E1106,Journalisme et information média (Assistant / Assistante de rédaction….),journalisme-et-information-media
COMPTABLE,M1203,Comptabilité (Assistant / Assistante comptable….),comptabilite
COMPTABLE,M1204,Contrôle de gestion (Assistant / Assistante au contrôle de gestion…),controle-de-gestion
COMPTABLE,M1202,Audit et contrôle comptables et financiers (Collaborateur / Collaboratrice d'expertise comptable,audit-et-controle-comptables-et-financiers
COMPTABLE,M1201,Analyse et ingénierie financière (Gestionnaire de risques financiers…),analyse-et-ingenierie-financiere
COMPTABILITE,M1203,Comptabilité (Assistant / Assistante comptable….),comptabilite
COMPTABILITE,M1204,Contrôle de gestion (Assistant / Assistante au contrôle de gestion…),controle-de-gestion
COMPTABILITE,M1202,Audit et contrôle comptables et financiers (Collaborateur / Collaboratrice d'expertise comptable,audit-et-controle-comptables-et-financiers
COMPTABILITE,M1201,Analyse et ingénierie financière (Gestionnaire de risques financiers…),analyse-et-ingenierie-financiere
MARKETING,M1403,Études et prospectives socio-économiques (Chargé / Chargée d'études en marketing…),etudes-et-prospectives-socio-economiques
MARKETING,M1705,Marketing (Assistant / Assistante marketing…),marketing
MARKETING,M1703,Management et gestion de produit (Assistant / Assistante chef de produit…),management-et-gestion-de-produit
Secrétaire,M1607,Secrétariat (Secrétaire administratif / administrative…),secretariat
Secrétaire,M1608,Secrétariat comptable ,secretariat-comptable
Secrétaire,M1609,Secrétariat et assistanat médical ou médico-social (Secrétaire médical / médicale…),secretariat-et-assistanat-medical-ou-medico-social
Secrétaire,M1604,Assistanat de direction (Secrétaire de direction…),assistanat-de-direction
Secrétaire,M1501,Assistanat en ressources humaines (Secrétaire du service personnel…),assistanat-en-ressources-humaines
Secrétaire,D1401,Assistanat commercial (Secrétaire commercial / commerciale….),assistanat-commercial
Secrétaire,C1502,Gestion locative immobilière (Secrétaire en agence immobiliére…),gestion-locative-immobiliere
Secrétaire,M1605,Assistanat technique et administratif (Secrétaire du bâtiment…),assistanat-technique-et-administratif
Secrétaire,C1401,Gestion en banque et assurance (Agent administratif / Agente administrative d'assurances….),gestion-en-banque-et-assurance
Secrétaire,M1203,Comptabilité (Assistant / Assistante comptable….),comptabilite
SECRETAIRE,M1607,Secrétariat (Secrétaire administratif / administrative…),secretariat
SECRETAIRE,M1608,Secrétariat comptable ,secretariat-comptable
SECRETAIRE,M1609,Secrétariat et assistanat médical ou médico-social (Secrétaire médical / médicale…),secretariat-et-assistanat-medical-ou-medico-social
SECRETAIRE,M1604,Assistanat de direction (Secrétaire de direction…),assistanat-de-direction
SECRETAIRE,M1501,Assistanat en ressources humaines (Secrétaire du service personnel…),assistanat-en-ressources-humaines
SECRETAIRE,D1401,Assistanat commercial (Secrétaire commercial / commerciale….),assistanat-commercial
SECRETAIRE,C1502,Gestion locative immobilière (Secrétaire en agence immobiliére…),gestion-locative-immobiliere
SECRETAIRE,M1605,Assistanat technique et administratif (Secrétaire du bâtiment…),assistanat-technique-et-administratif
SECRETAIRE,C1401,Gestion en banque et assurance (Agent administratif / Agente administrative d'assurances….),gestion-en-banque-et-assurance
SECRETAIRE,M1203,Comptabilité (Assistant / Assistante comptable….),comptabilite
SECRETARIAT,M1607,Secrétariat (Secrétaire administratif / administrative…),secretariat
SECRETARIAT,M1608,Secrétariat comptable ,secretariat-comptable
SECRETARIAT,M1609,Secrétariat et assistanat médical ou médico-social (Secrétaire médical / médicale…),secretariat-et-assistanat-medical-ou-medico-social
SECRETARIAT,M1604,Assistanat de direction (Secrétaire de direction…),assistanat-de-direction
SECRETARIAT,M1501,Assistanat en ressources humaines (Secrétaire du service personnel…),assistanat-en-ressources-humaines
SECRETARIAT,D1401,Assistanat commercial (Secrétaire commercial / commerciale….),assistanat-commercial
SECRETARIAT,C1502,Gestion locative immobilière (Secrétaire en agence immobiliére…),gestion-locative-immobiliere
SECRETARIAT,M1605,Assistanat technique et administratif (Secrétaire du bâtiment…),assistanat-technique-et-administratif
SECRETARIAT,C1401,Gestion en banque et assurance (Agent administratif / Agente administrative d'assurances….),gestion-en-banque-et-assurance
SECRETARIAT,M1203,Comptabilité (Assistant / Assistante comptable….),comptabilite
ASSISTANT ADMINISTRATIF,M1607,Secrétariat (Secrétaire administratif / administrative…),secretariat
ASSISTANT ADMINISTRATIF,M1608,Secrétariat comptable ,secretariat-comptable
ASSISTANT ADMINISTRATIF,M1609,Secrétariat et assistanat médical ou médico-social (Secrétaire médical / médicale…),secretariat-et-assistanat-medical-ou-medico-social
ASSISTANT ADMINISTRATIF,M1604,Assistanat de direction (Secrétaire de direction…),assistanat-de-direction
ASSISTANT ADMINISTRATIF,M1501,Assistanat en ressources humaines (Secrétaire du service personnel…),assistanat-en-ressources-humaines
ASSISTANT ADMINISTRATIF,D1401,Assistanat commercial (Secrétaire commercial / commerciale….),assistanat-commercial
ASSISTANT ADMINISTRATIF,C1502,Gestion locative immobilière (Secrétaire en agence immobiliére…),gestion-locative-immobiliere
ASSISTANT ADMINISTRATIF,M1605,Assistanat technique et administratif (Secrétaire du bâtiment…),assistanat-technique-et-administratif
ASSISTANT ADMINISTRATIF,C1401,Gestion en banque et assurance (Agent administratif / Agente administrative d'assurances….),gestion-en-banque-et-assurance
ASSISTANT ADMINISTRATIF,M1203,Comptabilité (Assistant / Assistante comptable….),comptabilite
ASSISTANT MANAGER,M1604,Assistanat de direction (Secrétaire de direction…),assistanat-de-direction
ASSISTANT MANAGER,D1401,Assistanat commercial (Secrétaire commercial / commerciale….),assistanat-commercial
ASSISTANT MANAGER,M1203,Comptabilité (Assistant / Assistante comptable et administrative….),comptabilite
ASSISTANT MANAGER,G1401,Assistance de direction d'hôtel-restaurant (Assistant manager / Assistante manageuse en restauration…),assistance-de-direction-d-hotel-restaurant
