Lyon,6831Z
Lyon,4669B
Lyon,7311Z
Lyon,6419Z
Lyon,7022Z
Lyon,6202A
Lyon,6832A
Lyon,4742Z
Lyon,8411Z
Lyon,6203Z
Lyon,7112B
Lyon,6201Z
Lyon,4110A
Lyon,6622Z
Lyon,4669B
Lyon,4771Z
Lyon,9499Z
Lyon,4651Z
Lyon,6810Z
Lyon,4649Z
Lyon,4799A
Lyon,9511Z
Lyon,4110C
Lyon,4646Z
Lyon,4673A
Lyon,1610B
Lyon,7021Z
Lyon,6202B
Lyon,6311Z
Lyon,5829C
Lyon,7740Z
Lyon,4690Z
Lyon,4634Z
Lyon,8291Z
Lyon,8230Z
Lyon,4741Z
Lyon,4674A
Lyon,4613Z
Lyon,5814Z
Lyon,6110Z
Lyon,4669C
Lyon,3514Z
Lyon,7312Z
Lyon,5813Z
Lyon,4666Z
Lyon,7830Z
Lyon,8531Z
Lyon,5811Z
Lyon,6209Z
Lyon,8299Z
Lyon,9102Z
Lyon,9512Z
Lyon,8542Z
Lyon,8220Z
Lyon,6312Z
Lyon,9521Z
Toulouse,C1504
Toulouse,6831Z
Toulouse,6832A
Toulouse,4110A
Toulouse,6810Z
Toulouse,4110C
Toulouse,7740Z
Toulouse,D1401
Toulouse,4669B
Toulouse,6622Z
Toulouse,4649Z
Toulouse,4646Z
Toulouse,4690Z
Toulouse,4634Z
Toulouse,4669C
Toulouse,6419Z
Toulouse,8531Z
Toulouse,7022Z
Toulouse,8220Z
Toulouse,M1501
Toulouse,7820Z
Toulouse,6920Z
Toulouse,8411Z
Toulouse,7010Z
Toulouse,8610Z
Toulouse,8559A
Toulouse,6420Z
Toulouse,9499Z
Toulouse,8413Z
Toulouse,8430A
Toulouse,8299Z
Paris,D1401
Paris,4669B
Paris,6831Z
Paris,6622Z
Paris,4649Z
Paris,4646Z
Paris,4690Z
Paris,4634Z
Paris,4669C
Paris,6419Z
Paris,8531Z
Paris,7022Z
Paris,8220Z
Paris,E1103
Paris,8411Z
Paris,9499Z
Paris,7311Z
Paris,7021Z
Paris,8230Z
Paris,5814Z
Paris,7312Z
Paris,5813Z
Paris,I1401
Paris,6202A
Paris,6203Z
Paris,4651Z
Paris,9511Z
Paris,6202B
Paris,4741Z
Paris,6110Z
Paris,5829C
Paris,4666Z
Paris,6209Z
Paris,9512Z
Paris,9521Z
Paris,M1502
Paris,7820Z
Paris,8559A
Paris,7010Z
Paris,7112B
Paris,8413Z
Paris,8542Z
Paris,6420Z
Paris,8559B
Paris,M1503
Paris,6920Z
Paris,5510Z
Paris,8299Z
Paris,M1707
Paris,5610A
Paris,4511Z
Paris,4669B
Paris,6201Z
Paris,M1805
Paris,6311Z
